Team,Match,Autonomous Cubos [AutoCubo3],Autonomous Cubos [AutoCubo2],Autonomous Cubos [AutoCubo1],Autonomous Conos [AutoCono3],Autonomous Conos [AutoCono2],Autonomous Conos [AutCono1],Auto Mobility: Left Community,Auto Charge station,Teleop Cubos [TOCubo3],Teleop Cubos [TOCubo2],Teleop Cubos [TOCubo1],Teleop Conos [TOCono3],Teleop Conos [TOCono2],Teleop Conos [TOCono1],Teleop Charge Station,Teleop Park,Disconnection Time ,Defensive Rank,Score_ind_comp,Score_ind_piezas,Ranking_Point_Activition,Ranking_Point_Sustanability,Score_team_pieces
1138,2.0,0.0,0.0,0.6666666666666666,0.6666666666666666,0.0,0.0,0.6666666666666666,6.666666666666667,0.6666666666666666,0.3333333333333333,2.3333333333333335,1.6666666666666667,2.3333333333333335,0.0,8.666666666666666,1.0,5.0,2.0,49.666666666666664,30.333333333333332,0.6666666666666666,1.0,81.66666666666667
4,2.0,1.6666666666666667,0.0,0.3333333333333333,0.0,0.0,0.0,1.0,4.0,1.6666666666666667,1.6666666666666667,2.6666666666666665,0.0,0.0,0.0,6.666666666666667,1.0,10.333333333333334,2.3333333333333335,45.333333333333336,29.666666666666668,0.3333333333333333,1.0,75.33333333333333
589,1.75,0.0,0.0,0.25,1.0,1.0,0.25,0.75,2.0,0.5,0.0,2.25,1.25,2.0,0.25,5.0,0.75,15.0,1.5,42.0,31.25,0.0,1.0,72.0
599,2.5,1.0,0.5,1.0,0.0,0.0,0.0,1.0,0.0,0.5,1.5,1.5,0.0,0.0,0.0,3.0,1.0,12.5,1.5,29.0,21.0,0.0,1.0,51.0
973,2.0,0.0,0.3333333333333333,0.6666666666666666,0.0,0.0,0.3333333333333333,1.0,0.0,0.6666666666666666,0.3333333333333333,0.6666666666666666,0.3333333333333333,0.6666666666666666,1.0,8.666666666666666,0.3333333333333333,5.0,1.0,28.0,15.666666666666666,0.6666666666666666,1.0,68.66666666666667
1148,2.0,0.0,0.3333333333333333,0.0,0.0,0.0,0.0,0.3333333333333333,4.0,1.0,0.6666666666666666,1.0,0.0,1.0,1.0,3.3333333333333335,0.6666666666666666,0.0,1.6666666666666667,25.0,15.333333333333334,0.3333333333333333,1.0,84.33333333333333
